course_id,title,num_inst,status,priority,added_utc,drafted_utc,pushed_utc,notes
ENC1101C,ENGLISH COMPOSITION I,71,pushed,929,2026-05-03T12:47:43Z,2026-05-03T13:08:06Z,2026-05-03T14:28:35Z,Top priority - high-volume gen-ed
HSC0003C,Basic Healthcare Worker,62,pushed,938,2026-05-03T12:47:43Z,2026-05-03T13:08:13Z,2026-05-03T14:28:35Z,Top priority - high-volume gen-ed
ENC1102,ENGLISH COMPOSITION II,60,pushed,940,2026-05-03T12:47:43Z,2026-05-03T13:08:19Z,2026-05-03T14:28:35Z,Top priority - high-volume gen-ed
MAC1105C,COLLEGE ALGEBRA,55,pushed,945,2026-05-03T12:47:43Z,2026-05-03T13:08:26Z,2026-05-03T14:28:35Z,Top priority - high-volume gen-ed
ECO2023,PRINCIPLES OF MICROECONOMICS,53,pushed,947,2026-05-03T12:47:43Z,2026-05-03T13:08:33Z,2026-05-03T14:28:36Z,Top priority - high-volume gen-ed
ECO2013,PRINCIPLES OF MACROECONOMICS,52,pushed,948,2026-05-03T12:47:43Z,2026-05-03T17:54:34Z,2026-05-03T14:28:36Z,Top priority - high-volume gen-ed
STA2023C,ELEMENTARY STATISTICS,51,pushed,949,2026-05-03T12:47:43Z,2026-05-03T17:54:34Z,2026-05-03T14:28:36Z,Top priority - high-volume gen-ed
MAC2311C,CALCULUS I,49,pushed,951,2026-05-03T12:47:43Z,2026-05-03T17:54:34Z,2026-05-03T14:28:36Z,Top priority - high-volume gen-ed
MAC2312C,CALCULUS II,49,pushed,951,2026-05-03T12:47:43Z,2026-05-03T17:54:34Z,2026-05-03T14:28:36Z,Top priority - high-volume gen-ed
PSY2012,GENERAL PSYCHOLOGY,49,pushed,951,2026-05-03T12:47:43Z,2026-05-03T17:54:34Z,2026-05-03T14:28:36Z,Top priority - high-volume gen-ed
BSC1005C,GENERAL BIOLOGY,46,pushed,954,2026-05-03T12:47:43Z,2026-05-03T18:44:56Z,2026-05-03T15:48:22Z,Top priority - high-volume gen-ed
MAP2302C,DIFFERENTIAL EQUATIONS,46,pushed,954,2026-05-04T00:33:01Z,2026-05-03T18:44:56Z,2026-05-04T00:33:29Z,(added by reconcile from orphan draft)
HCP0121C,Nurse Aide and Orderly (Articulated),45,pushed,955,2026-05-04T00:33:01Z,2026-05-03T18:44:56Z,2026-05-04T00:33:29Z,(added by reconcile from orphan draft)
MAC2313C,CALCULUS WITH ANALYTIC GEOMETRY III,45,pushed,955,2026-05-04T00:33:01Z,2026-05-03T18:44:56Z,2026-05-04T00:33:29Z,(added by reconcile from orphan draft)
ACG2071C,MANAGERIAL ACCOUNTING,44,pushed,956,2026-05-04T00:32:59Z,2026-05-03T19:53:34Z,2026-05-04T00:33:29Z,(added by reconcile from orphan draft)
AMH2010,UNITED STATES HISTORY TO 1877,44,pushed,956,2026-05-04T00:32:59Z,2026-05-03T19:53:34Z,2026-05-04T00:33:30Z,(added by reconcile from orphan draft)
AMH2020,UNITED STATES HISTORY SINCE 1877,44,pushed,956,2026-05-04T00:32:59Z,2026-05-03T19:53:34Z,2026-05-04T00:33:30Z,(added by reconcile from orphan draft)
MAC2233C,SURVEY OF CALCULUS,44,pushed,956,2026-05-03T16:00:32Z,2026-05-03T19:53:34Z,2026-05-03T16:00:53Z,
PHY2048C,GENERAL PHYSICS WITH CALCULUS I,44,pushed,956,2026-05-04T00:33:01Z,2026-05-03T18:44:56Z,2026-05-04T00:33:30Z,(added by reconcile from orphan draft)
CHM2210C,ORGANIC CHEMISTRY I,43,pushed,957,2026-05-04T00:32:59Z,2026-05-03T19:53:34Z,2026-05-04T00:33:30Z,(added by reconcile from orphan draft)
CHM2211C,ORGANIC CHEMISTRY II,43,pushed,957,2026-05-04T00:32:59Z,2026-05-04T04:30:40Z,2026-05-04T00:33:30Z,(added by reconcile from orphan draft)
GEB1011,INTRODUCTION TO BUSINESS,43,pushed,957,2026-05-04T00:33:01Z,2026-05-04T04:30:40Z,2026-05-04T00:33:30Z,(added by reconcile from orphan draft)
MAC1114C,TRIGONOMETRY,43,pushed,957,2026-05-04T00:33:01Z,2026-05-04T04:30:40Z,2026-05-04T00:33:31Z,(added by reconcile from orphan draft)
PHY2049C,GENERAL PHYSICS WITH CALCULUS II,43,pushed,957,2026-05-04T00:33:01Z,2026-05-04T04:30:40Z,2026-05-04T00:33:31Z,(added by reconcile from orphan draft)
AER0110C,Engine Repair Technician,42,pushed,958,2026-05-04T00:32:59Z,2026-05-04T04:30:40Z,2026-05-04T00:33:31Z,(added by reconcile from orphan draft)
AER0172C,Automotive Heating and Air Conditioning Technician,42,pushed,958,2026-05-04T00:51:59Z,2026-05-04T04:51:44Z,2026-05-04T01:02:30Z,(added by reconcile from orphan draft)
AER0257C,Automatic Transmission/Transaxle Technician,42,pushed,958,2026-05-04T00:51:59Z,2026-05-04T04:51:44Z,2026-05-04T01:02:30Z,(added by reconcile from orphan draft)
MAT1033C,INTERMEDIATE ALGEBRA,42,pushed,958,2026-05-04T00:52:00Z,2026-05-04T04:51:44Z,2026-05-04T01:02:30Z,(added by reconcile from orphan draft)
AER0014C,Automotive Services Assistor,41,pushed,959,2026-05-04T00:51:59Z,2026-05-04T04:51:44Z,2026-05-04T01:02:31Z,(added by reconcile from orphan draft)
AER0274C,Manual Drivetrain and Axle Technician,41,pushed,959,2026-05-04T00:51:59Z,2026-05-04T04:51:44Z,2026-05-04T01:02:31Z,(added by reconcile from orphan draft)
AER0360C,Automotive Electrical/Electronics System Technician,41,pushed,959,2026-05-04T01:12:42Z,2026-05-04T05:24:42Z,2026-05-04T01:25:22Z,Top priority - high-volume gen-ed/PSAV
AER0418C,Automotive Brake System Technician,41,pushed,959,2026-05-04T01:12:42Z,2026-05-04T05:24:42Z,2026-05-04T01:25:22Z,Top priority - high-volume gen-ed/PSAV
AER0453C,Automotive Suspension and Steering Technician,41,pushed,959,2026-05-04T01:12:42Z,2026-05-04T05:24:42Z,2026-05-04T01:25:22Z,Top priority - high-volume gen-ed/PSAV
AER0503C,Automotive Engine Performance Technician,41,pushed,959,2026-05-04T01:12:42Z,2026-05-04T05:24:42Z,2026-05-04T01:25:22Z,Top priority - high-volume gen-ed/PSAV
DEP2004,HUMAN GROWTH & DEVELOPMENT,40,pushed,960,2026-05-04T01:12:42Z,2026-05-04T05:24:42Z,2026-05-04T01:25:23Z,Top priority - high-volume gen-ed/PSAV
SPN1120C,ELEMENTARY SPANISH I,40,pushed,960,2026-05-04T01:12:42Z,2026-05-04T15:30:00Z,2026-05-04T11:30:58Z,Top priority - high-volume gen-ed/PSAV
SPN1121C,ELEMENTARY SPANISH II,40,pushed,960,2026-05-04T01:12:42Z,2026-05-04T15:30:00Z,2026-05-04T11:30:58Z,Top priority - high-volume gen-ed/PSAV
ACG2021C,PRINCIPLES OF FINANCIAL ACCOUNTING,39,pushed,961,2026-05-04T01:12:42Z,2026-05-04T15:30:00Z,2026-05-04T11:30:58Z,Top priority - high-volume gen-ed/PSAV
EME2040C,INTRODUCTION TO TECHNOLOGY FOR EDUCATORS,39,pushed,961,2026-05-04T01:12:42Z,2026-05-04T15:30:00Z,2026-05-04T11:30:58Z,Top priority - high-volume gen-ed/PSAV
MGF1130,MATHEMATICAL THINKING,39,pushed,961,2026-05-04T01:12:42Z,2026-05-04T15:30:00Z,2026-05-04T11:30:58Z,Top priority - high-volume gen-ed/PSAV
OTA0040C,Information Technology Assistant,38,pushed,962,2026-05-04T01:12:42Z,2026-05-04T15:45:26Z,2026-05-04T11:46:53Z,Top priority - high-volume gen-ed/PSAV
PHI2010,INTRODUCTION TO PHILOSOPHY,38,pushed,962,2026-05-04T01:12:42Z,2026-05-04T15:45:26Z,2026-05-04T11:46:53Z,Top priority - high-volume gen-ed/PSAV
REL2300,WORLD RELIGIONS,38,pushed,962,2026-05-04T01:12:42Z,2026-05-04T15:45:26Z,2026-05-04T11:46:53Z,Top priority - high-volume gen-ed/PSAV
MAC1140C,PRECALCULUS ALGEBRA,37,pushed,963,2026-05-04T01:12:42Z,2026-05-04T15:45:26Z,2026-05-04T11:46:53Z,Top priority - high-volume gen-ed/PSAV
MAN3240,ORGANIZATIONAL BEHAVIOR,37,pushed,963,2026-05-04T01:12:42Z,2026-05-04T15:45:26Z,2026-05-04T11:46:54Z,Top priority - high-volume gen-ed/PSAV
PMT0070C,Welder - Assistant 1,36,queued,964,2026-05-04T01:12:50Z,,,Top priority - high-volume gen-ed/PSAV
BSC2085C,ANATOMY AND PHYSIOLOGY I,36,pushed,964,2026-05-04T01:12:42Z,2026-05-04T15:56:14Z,2026-05-04T11:56:42Z,Top priority - high-volume gen-ed/PSAV
BSC2086C,HUMAN ANATOMY & PHYSIOLOGY II,36,pushed,964,2026-05-04T01:12:42Z,2026-05-04T15:56:14Z,2026-05-04T11:56:42Z,Top priority - high-volume gen-ed/PSAV
COS0002C,Cosmetologist and Hairdresser 1,36,pushed,964,2026-05-04T01:12:42Z,2026-05-04T15:56:14Z,2026-05-04T11:56:42Z,Top priority - high-volume gen-ed/PSAV
COS0003C,Cosmetologist and Hairdresser 2,36,pushed,964,2026-05-04T01:12:42Z,2026-05-04T15:56:14Z,2026-05-04T11:56:42Z,Top priority - high-volume gen-ed/PSAV
COS0009C,Cosmetologist and Hairdresser 3,36,pushed,964,2026-05-04T01:12:42Z,2026-05-04T15:56:14Z,2026-05-04T11:56:43Z,Top priority - high-volume gen-ed/PSAV
CSP0009,Grooming and Salon Services Core - Facials and Nails,36,pushed,964,2026-05-04T01:12:42Z,2026-05-04T16:22:22Z,2026-05-04T12:22:47Z,Top priority - high-volume gen-ed/PSAV
HMV0100,Food Preparation,36,pushed,964,2026-05-04T01:12:42Z,2026-05-04T16:22:22Z,2026-05-04T12:22:47Z,Top priority - high-volume gen-ed/PSAV
HMV0126,Food Service Manager,36,pushed,964,2026-05-04T01:12:42Z,2026-05-04T16:22:22Z,2026-05-04T12:22:47Z,Top priority - high-volume gen-ed/PSAV
HMV0170,Cook - Restaurant,36,pushed,964,2026-05-04T01:12:42Z,2026-05-04T16:32:02Z,2026-05-04T12:32:24Z,Top priority - high-volume gen-ed/PSAV
HMV0171,Chef/Head Cook,36,pushed,964,2026-05-04T01:12:42Z,2026-05-04T16:32:02Z,2026-05-04T12:32:24Z,Top priority - high-volume gen-ed/PSAV
POS2041,AMERICAN NATIONAL GOVERNMENT,36,pushed,964,2026-05-04T01:12:50Z,2026-05-04T16:22:22Z,2026-05-04T12:22:47Z,Top priority - high-volume gen-ed/PSAV
SYG2000,INTRODUCTION TO SOCIOLOGY,36,pushed,964,2026-05-04T01:12:50Z,2026-05-04T16:22:22Z,2026-05-04T12:22:47Z,Top priority - high-volume gen-ed/PSAV
MGF1131,MATHEMATICS IN CONTEXT,35,queued,965,2026-05-04T01:12:50Z,,,Top priority - high-volume gen-ed/PSAV
PMT0071C,Welder - Assistant 2,35,queued,965,2026-05-04T01:12:50Z,,,Top priority - high-volume gen-ed/PSAV
PMT0072C,Welder - SMAW 1,35,queued,965,2026-05-04T01:12:50Z,,,Top priority - high-volume gen-ed/PSAV
PMT0073C,Welder - SMAW 2,35,queued,965,2026-05-04T01:12:50Z,,,Top priority - high-volume gen-ed/PSAV
PMT0074C,Welder,35,queued,965,2026-05-04T01:12:50Z,,,Top priority - high-volume gen-ed/PSAV
CHM2211L,ORGANIC CHEMISTRY II LAB,34,queued,966,2026-05-04T01:12:50Z,,,Top priority - high-volume gen-ed/PSAV
MCB2010C,MICROBIOLOGY,34,queued,966,2026-05-04T01:12:50Z,,,Top priority - high-volume gen-ed/PSAV
OTA0041C,Front Desk Specialist,34,queued,966,2026-05-04T01:12:50Z,,,Top priority - high-volume gen-ed/PSAV
ARH2050,ART HISTORY I,33,queued,967,2026-05-04T01:12:50Z,,,Top priority - high-volume gen-ed/PSAV
ART1300C,DRAWING I,33,queued,967,2026-05-04T01:12:50Z,,,Top priority - high-volume gen-ed/PSAV
AST1002C,DESCRIPTIVE ASTRONOMY,33,queued,967,2026-05-04T01:12:50Z,,,Top priority - high-volume gen-ed/PSAV
GEB3213,BUSINESS WRITING,33,queued,967,2026-05-04T01:12:50Z,,,Top priority - high-volume gen-ed/PSAV
MVK1111C,CLASS PIANO I,33,queued,967,2026-05-04T01:12:50Z,,,Top priority - high-volume gen-ed/PSAV
NUR4827C,NURSING LEADERSHIP AND MANAGEMENT,33,queued,967,2026-05-04T01:12:50Z,,,Top priority - high-volume gen-ed/PSAV
PHY2053C,GENERAL PHYSICS I,33,queued,967,2026-05-04T01:12:50Z,,,Top priority - high-volume gen-ed/PSAV
CHM1020C,CHEMISTRY IN SOCIETY,32,queued,968,2026-05-04T01:12:50Z,,,Top priority - high-volume gen-ed/PSAV
CJK0020C,LAW ENFORCEMENT VEHICLE OPERATIONS,32,queued,968,2026-05-04T01:12:50Z,,,Top priority - high-volume gen-ed/PSAV
CJK0031C,FIRST AID FOR CRIMINAL JUSTICE OFFICERS,32,queued,968,2026-05-04T01:12:50Z,,,Top priority - high-volume gen-ed/PSAV
CJK0040C,CRIMINAL JUSTICE FIREARMS,32,queued,968,2026-05-04T01:12:50Z,,,Top priority - high-volume gen-ed/PSAV
CJK0096C,CRIMINAL JUSTICE OFFICER PHYSICAL FITNESS TRAINING,32,queued,968,2026-05-04T01:12:50Z,,,Top priority - high-volume gen-ed/PSAV
CJK0340C,OFFICER WELLNESS AND PHYSICAL ABILITIES,32,queued,968,2026-05-04T01:12:50Z,,,Top priority - high-volume gen-ed/PSAV
FRE1120C,ELEMENTARY FRENCH I,32,queued,968,2026-05-04T01:12:50Z,,,Top priority - high-volume gen-ed/PSAV
PRN0091,Practical Nurse 1,32,error,968,2026-05-04T12:41:49Z,2026-05-04T16:40:30Z,,(added by reconcile from orphan draft)
PRN0092,Practical Nurse 2,32,error,968,2026-05-04T12:41:49Z,2026-05-04T16:40:30Z,,(added by reconcile from orphan draft)
PRN0096,Practical Nurse 3,32,error,968,2026-05-04T12:41:49Z,2026-05-04T16:40:30Z,,(added by reconcile from orphan draft)
SYG2010,SOCIAL PROBLEMS,32,pushed,968,2026-05-04T12:41:49Z,2026-05-04T16:40:30Z,2026-05-04T12:41:54Z,(added by reconcile from orphan draft)
MAN2021,PRINCIPLES OF MANAGEMENT,32,pushed,968,2026-05-04T12:32:16Z,2026-05-04T16:32:02Z,2026-05-04T12:32:24Z,(added by reconcile from orphan draft)
MAN4720,STRATEGIC MANAGEMENT,32,pushed,968,2026-05-04T12:32:16Z,2026-05-04T16:32:02Z,2026-05-04T12:32:25Z,(added by reconcile from orphan draft)
PHY1020C,FUNDAMENTALS OF PHYSICS,32,pushed,968,2026-05-04T12:32:16Z,2026-05-04T16:32:02Z,2026-05-04T12:32:25Z,(added by reconcile from orphan draft)
ARH2051,ART HISTORY II,31,pushed,969,2026-05-04T12:41:49Z,2026-05-04T16:40:30Z,2026-05-04T12:41:54Z,(added by reconcile from orphan draft)
ETM1010C,MECHANICAL MEASUREMENT AND INSTRUMENTATION,21,pushed,979,2026-05-04T00:33:01Z,2026-05-02T12:31:14Z,2026-05-02T12:31:14.391233+00:00,(added by reconcile from orphan draft)
EEV0504,Computer Support Assistant,20,pushed,980,2026-05-04T00:33:00Z,2026-05-02T08:19:43Z,2026-05-04T00:33:31Z,(added by reconcile from orphan draft)
ETI1420C,MANUFACTURING PROCESSES AND MATERIALS,20,pushed,980,2026-05-04T00:33:00Z,2026-05-02T11:16:16Z,2026-05-02T11:16:16.690974+00:00,(added by reconcile from orphan draft)
EEV0317,Data Communications Analyst,19,pushed,981,2026-05-04T00:33:00Z,2026-05-02T08:16:05Z,2026-05-04T00:33:31Z,(added by reconcile from orphan draft)
ETI1110C,INTRODUCTION TO QUALITY ASSURANCE,18,pushed,982,2026-05-04T00:33:00Z,2026-05-02T11:12:17Z,2026-05-02T11:12:17.371682+00:00,(added by reconcile from orphan draft)
ETD1320C,INTRODUCTION TO AUTOCAD,16,pushed,984,2026-05-04T00:33:00Z,2026-05-02T10:28:03Z,2026-05-02T10:28:03.925071+00:00,(added by reconcile from orphan draft)
ETM2315C,HYDRAULICS AND PNEUMATICS,16,pushed,984,2026-05-04T00:33:01Z,2026-05-02T12:43:31Z,2026-05-02T12:43:31.193999+00:00,(added by reconcile from orphan draft)
ETS1542C,INTRODUCTION TO PROGRAMMABLE LOGIC CONTROLLERS,15,pushed,985,2026-05-04T00:33:01Z,2026-05-02T13:50:43Z,2026-05-02T13:50:43.767568+00:00,(added by reconcile from orphan draft)
ETD2364C,INTRODUCTION TO SOLIDWORKS,14,pushed,986,2026-05-04T00:33:00Z,2026-05-02T10:28:06Z,2026-05-02T10:28:06.397211+00:00,(added by reconcile from orphan draft)
CET1600C,NETWORK FUNDAMENTALS,13,pushed,987,2026-05-04T00:32:59Z,2026-05-02T02:55:07Z,2026-05-04T00:33:32Z,(added by reconcile from orphan draft)
CET1610C,SWITCHING - ROUTING - AND WIRELESS ESSENTIALS,12,pushed,988,2026-05-04T00:32:59Z,2026-05-02T02:56:53Z,2026-05-04T00:33:32Z,(added by reconcile from orphan draft)
ETS1535C,AUTOMATED PROCESS CONTROL,12,pushed,988,2026-05-04T00:33:01Z,2026-05-02T13:46:42Z,2026-05-02T13:46:42.776296+00:00,(added by reconcile from orphan draft)
TDR0070,Blueprint Reader,12,pushed,988,2026-05-04T00:33:01Z,2026-05-02T14:50:27Z,2026-05-04T00:33:32Z,(added by reconcile from orphan draft)
EET1015C,DC CIRCUITS,11,pushed,989,2026-05-04T00:32:59Z,2026-05-02T10:25:56Z,2026-05-02T10:25:56.857055+00:00,(added by reconcile from orphan draft)
EET1025C,AC CIRCUITS,11,pushed,989,2026-05-04T00:32:59Z,2026-05-02T10:25:57Z,2026-05-02T10:25:57.158668+00:00,(added by reconcile from orphan draft)
EET1141C,ANALOG DEVICES,11,pushed,989,2026-05-04T00:32:59Z,2026-05-02T10:25:58Z,2026-05-02T10:25:58.495915+00:00,(added by reconcile from orphan draft)
TDR0570,Architectural Drafter,11,pushed,989,2026-05-04T00:33:01Z,2026-05-02T14:57:07Z,2026-05-04T00:33:32Z,(added by reconcile from orphan draft)
TDR0777,Mechanical Drafter,11,pushed,989,2026-05-04T00:33:01Z,2026-05-02T15:01:04Z,2026-05-04T00:33:32Z,(added by reconcile from orphan draft)
TDR0874,Civil Drafter,11,pushed,989,2026-05-04T00:33:01Z,2026-05-02T15:02:05Z,2026-05-04T00:33:33Z,(added by reconcile from orphan draft)
TDR0370,Drafting Assistant,11,error,989,2026-05-04T00:33:01Z,2026-05-02T14:53:35Z,,(added by reconcile from orphan draft)
TDR0775,Drafting Detailer 1,11,error,989,2026-05-04T00:33:01Z,2026-05-02T14:59:01Z,,(added by reconcile from orphan draft)
TDR0776,Drafting Detailer 2,11,error,989,2026-05-04T00:33:01Z,2026-05-02T15:00:05Z,,(added by reconcile from orphan draft)
TDR0875,Structural Drafter,11,error,989,2026-05-04T00:33:01Z,2026-05-02T15:03:05Z,,(added by reconcile from orphan draft)
EEV0010,Electronics Assembler,10,pushed,990,2026-05-04T00:33:00Z,2026-05-02T07:55:42Z,2026-05-04T00:33:33Z,(added by reconcile from orphan draft)
ETD2371C,INTRODUCTION TO 3D PRINTING,10,pushed,990,2026-05-04T00:33:00Z,2026-05-02T10:28:07Z,2026-05-02T10:28:07.036038+00:00,(added by reconcile from orphan draft)
ETS1603C,FUNDAMENTALS OF ROBOTICS AND SIMULATION,10,pushed,990,2026-05-04T00:33:01Z,2026-05-02T13:52:55Z,2026-05-02T13:52:55.302751+00:00,(added by reconcile from orphan draft)
EEV0100,Electronics Tester,10,error,990,2026-05-04T00:33:00Z,2026-05-02T07:57:42Z,,(added by reconcile from orphan draft)
CET2620C,ACCESSING THE WAN,9,pushed,991,2026-05-04T00:32:59Z,2026-05-02T02:29:02Z,2026-05-04T00:33:33Z,(added by reconcile from orphan draft)
EGN1111C,ENGINEERING GRAPHICS,9,pushed,991,2026-05-03T12:47:43Z,2026-05-03T12:01:32Z,2026-05-03T12:01:32.526820+00:00,Drafted in chat sessions 1-2
EGN2312,ENGINEERING ANALYSIS - STATICS,9,pushed,991,2026-05-03T12:47:43Z,2026-05-03T12:02:32Z,2026-05-03T12:02:32.810526+00:00,Drafted in chat sessions 1-2
ETD2340C,AUTOCAD 2,9,pushed,991,2026-05-04T00:33:00Z,2026-05-02T10:28:05Z,2026-05-02T10:28:05.479231+00:00,(added by reconcile from orphan draft)
ETI1843C,MOTORS AND CONTROLS,9,pushed,991,2026-05-04T00:33:00Z,2026-05-02T11:28:05Z,2026-05-02T11:28:05.421269+00:00,(added by reconcile from orphan draft)
ETS2604C,ROBOTICS APPLICATIONS,9,pushed,991,2026-05-04T00:33:01Z,2026-05-02T14:29:25Z,2026-05-02T14:29:25.627683+00:00,(added by reconcile from orphan draft)
EEV0500,Electronics Equipment Repairer,9,error,991,2026-05-04T00:33:00Z,2026-05-02T08:18:03Z,,(added by reconcile from orphan draft)
EEV0616,Electronics Technician,9,error,991,2026-05-04T00:33:00Z,2026-05-02T08:21:40Z,,(added by reconcile from orphan draft)
CET1178C,A+ FUNDAMENTALS,8,pushed,992,2026-05-04T00:32:59Z,2026-05-02T02:49:36Z,2026-05-04T00:33:33Z,(added by reconcile from orphan draft)
EGN1002C,INTRODUCTION TO ENGINEERING,8,pushed,992,2026-05-03T12:47:43Z,2026-05-03T12:03:33Z,2026-05-03T12:03:32.999748+00:00,Drafted in chat sessions 1-2
EGN3311,STATICS,8,pushed,992,2026-05-03T12:47:43Z,2026-05-03T12:04:33Z,2026-05-03T12:04:33.229357+00:00,Drafted in chat sessions 1-2
EGN3321,DYNAMICS,8,pushed,992,2026-05-03T12:47:43Z,2026-05-03T12:05:33Z,2026-05-03T12:05:33.441379+00:00,Drafted in chat sessions 1-2
EGN3331C,STRENGTH OF MATERIALS,8,pushed,992,2026-05-03T12:47:43Z,2026-05-03T12:06:33Z,2026-05-03T12:06:33.644352+00:00,Drafted in chat sessions 1-2
EGN3343C,THERMODYNAMICS,8,pushed,992,2026-05-03T12:47:43Z,2026-05-03T12:07:33Z,2026-05-03T12:07:33.833277+00:00,Drafted in chat sessions 1-2
ETP2410C,PHOTOVOLTAIC TECHNOLOGY,8,pushed,992,2026-05-04T00:33:01Z,2026-05-02T13:36:53Z,2026-05-02T13:36:53.053116+00:00,(added by reconcile from orphan draft)
ETS2542C,PROGRAMMABLE LOGIC CONTROLLERS,8,pushed,992,2026-05-04T00:33:01Z,2026-05-02T14:25:36Z,2026-05-02T14:25:36.727185+00:00,(added by reconcile from orphan draft)
CET2123C,MICROPROCESSORS,7,pushed,993,2026-05-04T00:32:59Z,2026-05-02T03:02:20Z,2026-05-04T00:33:34Z,(added by reconcile from orphan draft)
CET2880C,DIGITAL FORENSICS,7,pushed,993,2026-05-04T00:32:59Z,2026-05-02T09:59:38Z,2026-05-04T00:33:01Z,(added by reconcile from orphan draft)
EET2142C,ELECTRONICS II,7,pushed,993,2026-05-04T00:32:59Z,2026-05-02T10:27:55Z,2026-05-02T10:27:55.916605+00:00,(added by reconcile from orphan draft)
EGN1007C,ENGINEERING CONCEPTS AND METHODS,7,pushed,993,2026-05-03T12:47:43Z,2026-05-03T12:08:34Z,2026-05-03T12:08:34.079505+00:00,Drafted in chat sessions 1-2
EGN2322,ENGINEERING ANALYSIS-DYNAMICS,7,pushed,993,2026-05-03T12:47:43Z,2026-05-03T12:09:34Z,2026-05-03T12:09:34.295489+00:00,Drafted in chat sessions 1-2
EGN3365,STRUCTURE AND PROPERTIES OF MATERIALS,7,pushed,993,2026-05-03T12:47:43Z,2026-05-03T12:10:34Z,2026-05-03T12:10:34.497520+00:00,Drafted in chat sessions 1-2
ETD1340C,AUTOCAD II,7,pushed,993,2026-05-04T00:33:00Z,2026-05-02T10:28:04Z,2026-05-02T10:28:04.144291+00:00,(added by reconcile from orphan draft)
ETD2372C,ADVANCED RAPID PROTOTYPING,7,pushed,993,2026-05-04T00:33:00Z,2026-05-02T10:28:07Z,2026-05-02T10:28:07.256752+00:00,(added by reconcile from orphan draft)
ETS1540C,INDUSTRIAL APPLICATIONS USING PLCS AND ROBOTICS,7,pushed,993,2026-05-04T00:33:01Z,2026-05-02T13:48:44Z,2026-05-02T13:48:44.893156+00:00,(added by reconcile from orphan draft)
CET1112C,LOGIC CIRCUITS I,6,pushed,994,2026-05-04T00:32:59Z,2026-05-02T02:25:40Z,2026-05-04T00:33:34Z,(added by reconcile from orphan draft)
CET1114C,DIGITAL CIRCUITS,6,pushed,994,2026-05-04T00:32:59Z,2026-05-02T02:40:04Z,2026-05-04T00:33:34Z,(added by reconcile from orphan draft)
CET2113C,ADVANCED DIGITAL CIRCUITS,6,pushed,994,2026-05-04T00:32:59Z,2026-05-02T02:58:32Z,2026-05-04T00:33:34Z,(added by reconcile from orphan draft)
CET2660C,NETWORK SECURITY,6,pushed,994,2026-05-04T00:32:59Z,2026-05-02T02:30:05Z,2026-05-04T00:33:34Z,(added by reconcile from orphan draft)
EET2949,WORK EXPERIENCE,6,pushed,994,2026-05-04T00:33:00Z,2026-05-02T10:27:58Z,2026-05-02T10:27:58.894220+00:00,(added by reconcile from orphan draft)
ETD2368C,ADVANCED SOLIDWORKS,6,pushed,994,2026-05-04T00:33:00Z,2026-05-02T10:28:06Z,2026-05-02T10:28:06.612529+00:00,(added by reconcile from orphan draft)
ETD2551,CAD-CIVIL,6,pushed,994,2026-05-04T00:33:00Z,2026-05-02T10:41:09Z,2026-05-02T10:41:09.309060+00:00,(added by reconcile from orphan draft)
ETD2930C,SPECIAL TOPICS IN DRAFTING,6,pushed,994,2026-05-04T00:33:00Z,2026-05-02T10:43:18Z,2026-05-02T10:43:18.387095+00:00,(added by reconcile from orphan draft)
ETI1644,PRODUCTION AND INVENTORY CONTROL,6,pushed,994,2026-05-04T00:33:00Z,2026-05-02T11:22:02Z,2026-05-02T11:22:02.129539+00:00,(added by reconcile from orphan draft)
ETS1511C,MOTORS AND CONTROLS,6,pushed,994,2026-05-04T00:33:01Z,2026-05-02T13:42:44Z,2026-05-02T13:42:44.789389+00:00,(added by reconcile from orphan draft)
ETS2511C,MOTORS AND CONTROLS,6,pushed,994,2026-05-04T00:33:01Z,2026-05-02T14:19:36Z,2026-05-02T14:19:36.717011+00:00,(added by reconcile from orphan draft)
CET1171C,IT ESSENTIALS,5,pushed,995,2026-05-04T00:32:59Z,2026-05-02T02:45:45Z,2026-05-04T00:33:34Z,(added by reconcile from orphan draft)
CET1179C,A+ CERTIFICATION SOFTWARE,5,pushed,995,2026-05-04T00:32:59Z,2026-05-02T02:51:22Z,2026-05-04T00:33:35Z,(added by reconcile from orphan draft)
EET2325C,RF COMMUNICATION,5,pushed,995,2026-05-04T00:32:59Z,2026-05-02T10:27:56Z,2026-05-02T10:27:56.881415+00:00,(added by reconcile from orphan draft)
ETD2320C,AUTOCAD FUNDAMENTALS,5,pushed,995,2026-05-04T00:33:00Z,2026-05-02T10:28:05Z,2026-05-02T10:28:05.252959+00:00,(added by reconcile from orphan draft)
ETI0456,Machinery Maintenance Mechanic,5,pushed,995,2026-05-04T00:33:00Z,2026-05-02T11:02:26Z,2026-05-04T00:33:35Z,(added by reconcile from orphan draft)
ETI0457,Machinery Maintenance Technician,5,pushed,995,2026-05-04T00:33:00Z,2026-05-02T11:03:41Z,2026-05-04T00:33:35Z,(added by reconcile from orphan draft)
ETI2411C,INDUSTRIAL PROCESSES,5,pushed,995,2026-05-04T00:33:00Z,2026-05-02T11:50:33Z,2026-05-02T11:50:33.962895+00:00,(added by reconcile from orphan draft)
ETI2622C,CONCEPTS OF LEAN SIX SIGMA MANUFACTURING,5,pushed,995,2026-05-04T00:33:00Z,2026-05-02T12:01:05Z,2026-05-02T12:01:05.368135+00:00,(added by reconcile from orphan draft)
ETS2527C,ELECTROMECHANICAL COMPONENTS AND MECHANISMS,5,pushed,995,2026-05-04T00:33:01Z,2026-05-02T14:21:27Z,2026-05-02T14:21:27.775589+00:00,(added by reconcile from orphan draft)
ETI0450,Industrial Machinery Maintenance Assistant,5,error,995,2026-05-04T00:33:00Z,2026-05-02T11:01:07Z,,(added by reconcile from orphan draft)
CET2890C,NETWORK INFRASTRUCTURE SECURITY,4,pushed,996,2026-05-04T00:32:59Z,2026-05-02T10:12:19Z,2026-05-02T10:12:19.571577+00:00,(added by reconcile from orphan draft)
CET2940,COMPUTER ENGINEERING INTERNSHIP,4,pushed,996,2026-05-04T00:32:59Z,2026-05-02T10:14:27Z,2026-05-02T10:14:27.061414+00:00,(added by reconcile from orphan draft)
EET1035C,AC/DC CIRCUITS,4,pushed,996,2026-05-04T00:32:59Z,2026-05-02T10:25:57Z,2026-05-02T10:25:57.814443+00:00,(added by reconcile from orphan draft)
ETD2350C,AUTOCAD III,4,pushed,996,2026-05-04T00:33:00Z,2026-05-02T10:28:05Z,2026-05-02T10:28:05.725664+00:00,(added by reconcile from orphan draft)
ETD2392C,ADVANCED ARCHITECTURAL REVIT,4,pushed,996,2026-05-04T00:33:00Z,2026-05-02T10:31:05Z,2026-05-02T10:31:05.065186+00:00,(added by reconcile from orphan draft)
ETD2395C,CAD-ARCHITECTURAL,4,pushed,996,2026-05-04T00:33:00Z,2026-05-02T10:33:03Z,2026-05-02T10:33:03.112778+00:00,(added by reconcile from orphan draft)
ETD2941,INTERNSHIP,4,pushed,996,2026-05-04T00:33:00Z,2026-05-02T10:45:17Z,2026-05-02T10:45:17.992773+00:00,(added by reconcile from orphan draft)
ETD2949,INTERNSHIP IN TECHNOLOGY,4,pushed,996,2026-05-04T00:33:00Z,2026-05-02T10:49:15Z,2026-05-02T10:49:15.497694+00:00,(added by reconcile from orphan draft)
ETI1411,MANUFACTURING PROCESSES I,4,pushed,996,2026-05-04T00:33:00Z,2026-05-02T11:14:23Z,2026-05-02T11:14:23.439650+00:00,(added by reconcile from orphan draft)
ETI1931,SPECIAL TOPICS IN MODERN MANUFACTURING,4,pushed,996,2026-05-04T00:33:00Z,2026-05-02T11:36:26Z,2026-05-02T11:36:26.803739+00:00,(added by reconcile from orphan draft)
ETI2412C,CNC MACHINING PROCESSES,4,pushed,996,2026-05-04T00:33:00Z,2026-05-02T11:52:40Z,2026-05-02T11:52:40.789865+00:00,(added by reconcile from orphan draft)
ETI2460C,COMPOSITES FUNDAMENTALS,4,pushed,996,2026-05-04T00:33:00Z,2026-05-02T11:54:50Z,2026-05-02T11:54:50.174424+00:00,(added by reconcile from orphan draft)
ETI2464C,ADVANCED COMPOSITES,4,pushed,996,2026-05-04T00:33:00Z,2026-05-02T11:57:13Z,2026-05-02T11:57:13.382262+00:00,(added by reconcile from orphan draft)
ETS1520C,INSTRUMENTATION FUNDAMENTALS,4,pushed,996,2026-05-04T00:33:01Z,2026-05-02T13:44:49Z,2026-05-02T13:44:49.017279+00:00,(added by reconcile from orphan draft)
ETS2544C,PROGRAMMABLE LOGIC CONTROLLERS II,4,pushed,996,2026-05-04T00:33:01Z,2026-05-02T14:27:27Z,2026-05-02T14:27:27.394923+00:00,(added by reconcile from orphan draft)
ETI0458,Industrial Maintenance Specialist,4,error,996,2026-05-04T00:33:00Z,2026-05-02T11:05:01Z,,(added by reconcile from orphan draft)
CET1020C,COMPUTER NETWORK SYSTEM,3,pushed,997,2026-05-04T00:32:59Z,2026-05-02T02:14:36Z,2026-05-04T00:33:35Z,(added by reconcile from orphan draft)
CET1123C,MICROPROCESSOR FUNDAMENTALS,3,pushed,997,2026-05-04T00:32:59Z,2026-05-02T02:43:50Z,2026-05-04T00:33:36Z,(added by reconcile from orphan draft)
CET1172C,COMPUTER SUPPORT TECHNICIAN,3,pushed,997,2026-05-04T00:32:59Z,2026-05-02T02:47:35Z,2026-05-04T00:33:36Z,(added by reconcile from orphan draft)
CET1588,NETWORK +,3,pushed,997,2026-05-04T00:32:59Z,2026-05-02T02:53:21Z,2026-05-04T00:33:36Z,(added by reconcile from orphan draft)
CET2179C,PC OPERATING SYSTEMS A+,3,pushed,997,2026-05-04T00:32:59Z,2026-05-02T03:04:01Z,2026-05-04T00:33:36Z,(added by reconcile from orphan draft)
CET2662C,ADVANCES IN CYBERSECURITY,3,pushed,997,2026-05-04T00:32:59Z,2026-05-02T02:31:32Z,2026-05-04T00:33:36Z,(added by reconcile from orphan draft)
CET2691,LAWS & LEGAL ASPECTS OF IT SECURITY,3,pushed,997,2026-05-04T00:32:59Z,2026-05-02T03:09:26Z,2026-05-04T00:33:36Z,(added by reconcile from orphan draft)
CET2881C,DIGITAL FORENSICS II,3,pushed,997,2026-05-04T00:32:59Z,2026-05-02T06:31:26Z,2026-05-04T00:33:01Z,(added by reconcile from orphan draft)
CET2942,COOP NTWK ADMIN,3,pushed,997,2026-05-04T00:32:59Z,2026-05-02T10:20:06Z,2026-05-02T10:20:06.348347+00:00,(added by reconcile from orphan draft)
CET2949,COOPERATIVE EDUCATION,3,pushed,997,2026-05-04T00:32:59Z,2026-05-02T10:20:06Z,2026-05-02T10:20:06.600627+00:00,(added by reconcile from orphan draft)
CET4190C,APPLIED DIGITAL SIGNAL PROCESSING,3,pushed,997,2026-05-04T00:32:59Z,2026-05-02T10:20:07Z,2026-05-02T10:20:07.090421+00:00,(added by reconcile from orphan draft)
EER0310,Appliance Helper,3,pushed,997,2026-05-04T00:32:59Z,2026-05-02T06:51:57Z,2026-05-04T00:33:37Z,(added by reconcile from orphan draft)
EER0315,Laundry Technician,3,pushed,997,2026-05-04T00:32:59Z,2026-05-02T06:54:06Z,2026-05-04T00:33:37Z,(added by reconcile from orphan draft)
EET1033C,ELECTRICAL FUNDAMENTALS,3,pushed,997,2026-05-04T00:32:59Z,2026-05-02T10:25:57Z,2026-05-02T10:25:57.489795+00:00,(added by reconcile from orphan draft)
EET1082,INTRODUCTION TO ELECTRONICS,3,pushed,997,2026-05-04T00:32:59Z,2026-05-02T10:25:58Z,2026-05-02T10:25:58.140780+00:00,(added by reconcile from orphan draft)
EET1142C,ANALOG CIRCUITS,3,pushed,997,2026-05-04T00:32:59Z,2026-05-02T10:26:54Z,2026-05-02T10:26:54.016712+00:00,(added by reconcile from orphan draft)
EET1610C,HIGH RELIABILITY SOLDERING,3,pushed,997,2026-05-04T00:32:59Z,2026-05-02T10:27:55Z,2026-05-02T10:27:55.151492+00:00,(added by reconcile from orphan draft)
EET2141C,ELECTRONIC DEVICES I,3,pushed,997,2026-05-04T00:32:59Z,2026-05-02T10:27:55Z,2026-05-02T10:27:55.665835+00:00,(added by reconcile from orphan draft)
EET2905,INDIVIDUAL STUDY,3,pushed,997,2026-05-04T00:33:00Z,2026-05-02T10:27:58Z,2026-05-02T10:27:58.225914+00:00,(added by reconcile from orphan draft)
EET4158C,LINEAR INTEGRATED CIRCUITS,3,pushed,997,2026-05-04T00:33:00Z,2026-05-02T10:27:59Z,2026-05-02T10:27:59.104260+00:00,(added by reconcile from orphan draft)
EEV0654,Electrician Maintenance,3,pushed,997,2026-05-04T00:33:00Z,2026-05-02T08:27:44Z,2026-05-04T00:33:37Z,(added by reconcile from orphan draft)
ETC2521C,HYDRAULICS AND HYDROLOGY,3,pushed,997,2026-05-04T00:33:00Z,2026-05-02T10:28:02Z,2026-05-02T10:28:02.988977+00:00,(added by reconcile from orphan draft)
ETD1103C,ENGINEERING GRAPHICS WITH CAD,3,pushed,997,2026-05-04T00:33:00Z,2026-05-02T10:28:03Z,2026-05-02T10:28:03.685591+00:00,(added by reconcile from orphan draft)
ETD1390C,AUTODESK REVIT,3,pushed,997,2026-05-04T00:33:00Z,2026-05-02T10:28:04Z,2026-05-02T10:28:04.597753+00:00,(added by reconcile from orphan draft)
ETD1530,ARCHITECTURAL DESIGN,3,pushed,997,2026-05-04T00:33:00Z,2026-05-02T10:28:04Z,2026-05-02T10:28:04.813018+00:00,(added by reconcile from orphan draft)
ETD2355C,3-D CADD,3,pushed,997,2026-05-04T00:33:00Z,2026-05-02T10:28:05Z,2026-05-02T10:28:05.961578+00:00,(added by reconcile from orphan draft)
ETG2502,STATICS,3,pushed,997,2026-05-04T00:33:00Z,2026-05-02T10:51:12Z,2026-05-02T10:51:12.705773+00:00,(added by reconcile from orphan draft)
ETI1628,PROCESS IMPROVEMENT TEAMS,3,pushed,997,2026-05-04T00:33:00Z,2026-05-02T11:20:09Z,2026-05-02T11:20:09.135703+00:00,(added by reconcile from orphan draft)
ETI1852C,AEROSPACE TEST AND MEASUREMENTS,3,pushed,997,2026-05-04T00:33:00Z,2026-05-02T11:30:15Z,2026-05-02T11:30:15.743186+00:00,(added by reconcile from orphan draft)
ETI2121C,NON-DESTRUCTIVE AND DESTRUCTIVE TESTING,3,pushed,997,2026-05-04T00:33:00Z,2026-05-02T11:44:31Z,2026-05-02T11:44:31.284620+00:00,(added by reconcile from orphan draft)
ETI2943,PRACTICUM IN TECHNICAL INDUSTRY,3,pushed,997,2026-05-04T00:33:00Z,2026-05-02T12:11:42Z,2026-05-02T12:11:42.944660+00:00,(added by reconcile from orphan draft)
ETI2949,INTERNSHIP IN FIRE SPRINKLER,3,pushed,997,2026-05-04T00:33:00Z,2026-05-02T12:17:40Z,2026-05-02T12:17:40.830033+00:00,(added by reconcile from orphan draft)
ETI2950C,CAPSTONE PROJECT,3,pushed,997,2026-05-04T00:33:00Z,2026-05-02T12:19:36Z,2026-05-02T12:19:36.704906+00:00,(added by reconcile from orphan draft)
ETP1140C,ELECTRICAL DISTRIBUTION STRUCTURES,3,pushed,997,2026-05-04T00:33:01Z,2026-05-02T13:10:14Z,2026-05-02T13:10:14.049492+00:00,(added by reconcile from orphan draft)
ETP1501,ALTERNATIVE/RENEWABLE ENERGY TECHNOLOGIES,3,pushed,997,2026-05-04T00:33:01Z,2026-05-02T13:16:25Z,2026-05-02T13:16:25.138180+00:00,(added by reconcile from orphan draft)
ETP2137C,ELECTRICAL DISTRIBUTION SUBSTATIONS,3,pushed,997,2026-05-04T00:33:01Z,2026-05-02T13:30:37Z,2026-05-02T13:30:37.935593+00:00,(added by reconcile from orphan draft)
ETP2402C,PHOTOVOLTAIC SYSTEMS,3,pushed,997,2026-05-04T00:33:01Z,2026-05-02T13:34:58Z,2026-05-02T13:34:58.435869+00:00,(added by reconcile from orphan draft)
ETS1700C,HYDRAULICS AND PNEUMATICS,3,pushed,997,2026-05-04T00:33:01Z,2026-05-02T13:54:57Z,2026-05-02T13:54:57.674134+00:00,(added by reconcile from orphan draft)
ETS2160C,SEMICONDUCTOR MANUFACTURING FUNDAMENTALS,3,pushed,997,2026-05-04T00:33:01Z,2026-05-02T14:01:02Z,2026-05-02T14:01:02.626299+00:00,(added by reconcile from orphan draft)
ETS2163C,SEMICONDUCTOR FABRICATION PROCESS,3,pushed,997,2026-05-04T00:33:01Z,2026-05-02T14:03:12Z,2026-05-02T14:03:12.048642+00:00,(added by reconcile from orphan draft)
ETS2165C,SEMICONDUCTOR PACKAGING FUNDAMENTALS,3,pushed,997,2026-05-04T00:33:01Z,2026-05-02T14:05:10Z,2026-05-02T14:05:10.987379+00:00,(added by reconcile from orphan draft)
ETS2210C,INTRODUCTION TO PHOTONICS,3,pushed,997,2026-05-04T00:33:01Z,2026-05-02T14:07:23Z,2026-05-02T14:07:23.518538+00:00,(added by reconcile from orphan draft)
ETS2230C,INTRODUCTION TO LASERS,3,pushed,997,2026-05-04T00:33:01Z,2026-05-02T14:13:34Z,2026-05-02T14:13:34.160377+00:00,(added by reconcile from orphan draft)
ETS2436C,BIOMEDICAL INSTRUMENTATION I,3,pushed,997,2026-05-04T00:33:01Z,2026-05-02T14:15:35Z,2026-05-02T14:15:35.856269+00:00,(added by reconcile from orphan draft)
ETS2535C,AUTOMATED PROCESS CONTROL,3,pushed,997,2026-05-04T00:33:01Z,2026-05-02T14:23:31Z,2026-05-02T14:23:31.090647+00:00,(added by reconcile from orphan draft)
EER0317,Kitchen Technician,3,error,997,2026-05-04T00:32:59Z,2026-05-02T06:56:12Z,,(added by reconcile from orphan draft)
EEV0205,Solar Photovoltaic System Design - Installation and Maintenance Helper,3,error,997,2026-05-04T00:33:00Z,2026-05-02T08:10:11Z,,(added by reconcile from orphan draft)
EEV0206,Solar Photovoltaic System Design - Installation and Maintenance Technician,3,error,997,2026-05-04T00:33:00Z,2026-05-02T08:12:11Z,,(added by reconcile from orphan draft)
EEV0650,Electrician (Construction),3,error,997,2026-05-04T00:33:00Z,2026-05-02T08:23:45Z,,(added by reconcile from orphan draft)
EEV0652,Instrument Mechanic,3,error,997,2026-05-04T00:33:00Z,2026-05-02T08:25:43Z,,(added by reconcile from orphan draft)
EEV0656,Instrument Technician,3,error,997,2026-05-04T00:33:00Z,2026-05-02T08:29:51Z,,(added by reconcile from orphan draft)
EEV0658,Operating Engineer Assistant Stationary,3,error,997,2026-05-04T00:33:00Z,2026-05-02T08:31:55Z,,(added by reconcile from orphan draft)
EEV0753,MECHATRONIC TECHNICIAN,3,error,997,2026-05-04T00:33:00Z,2026-05-02T08:35:53Z,,(added by reconcile from orphan draft)
CET1110C,DIGITAL CIRCUITS,2,pushed,998,2026-05-04T00:32:59Z,2026-05-02T02:22:06Z,2026-05-04T00:33:38Z,(added by reconcile from orphan draft)
CET1113C,DIGITAL CIRCUITS,2,pushed,998,2026-05-04T00:32:59Z,2026-05-02T02:26:28Z,2026-05-04T00:33:38Z,(added by reconcile from orphan draft)
CET1114L,DIGITAL CIRCUITS LAB,2,pushed,998,2026-05-04T00:32:59Z,2026-05-02T02:41:51Z,2026-05-04T00:33:38Z,(added by reconcile from orphan draft)
CET2114C,DIGITAL SYSTEMS,2,pushed,998,2026-05-04T00:32:59Z,2026-05-02T03:00:31Z,2026-05-04T00:33:38Z,(added by reconcile from orphan draft)
CET2688C,SYSTEM SECURITY PRACTITIONER (SSCP),2,pushed,998,2026-05-04T00:32:59Z,2026-05-02T03:07:40Z,2026-05-04T00:33:38Z,(added by reconcile from orphan draft)
CET2794,MICROSOFT DIRECTORY SERVICES,2,pushed,998,2026-05-04T00:32:59Z,2026-05-02T06:27:40Z,2026-05-04T00:33:01Z,(added by reconcile from orphan draft)
CET2883C,NETWORK SECURITY ADVANCED,2,pushed,998,2026-05-04T00:32:59Z,2026-05-02T06:33:23Z,2026-05-04T00:33:01Z,(added by reconcile from orphan draft)
CET2892C,ETHICAL HACKING,2,pushed,998,2026-05-04T00:32:59Z,2026-05-02T10:14:26Z,2026-05-02T10:14:26.515213+00:00,(added by reconcile from orphan draft)
CET2930C,SELECTED TOPICS IN COMPUTER NETWORKING,2,pushed,998,2026-05-04T00:32:59Z,2026-05-02T10:14:26Z,2026-05-02T10:14:26.765533+00:00,(added by reconcile from orphan draft)
CET3505,COMPUTER OPERATING SYSTEMS,2,pushed,998,2026-05-04T00:32:59Z,2026-05-02T10:20:06Z,2026-05-02T10:20:06.837734+00:00,(added by reconcile from orphan draft)
CET4542,COMPUTER ARCHITECTURE,2,pushed,998,2026-05-04T00:32:59Z,2026-05-02T10:20:07Z,2026-05-02T10:20:07.321065+00:00,(added by reconcile from orphan draft)
EET1011C,DC CIRCUITS,2,pushed,998,2026-05-04T00:32:59Z,2026-05-02T01:42:28Z,2026-05-04T00:33:38Z,(added by reconcile from orphan draft)
EET1180C,TROUBLESHOOTING AND REPAIR TECHNIQUES,2,pushed,998,2026-05-04T00:32:59Z,2026-05-02T10:27:54Z,2026-05-02T10:27:54.279045+00:00,(added by reconcile from orphan draft)
EET1214C,INSTRUMENTATION AND CONTROL SYSTEMS,2,pushed,998,2026-05-04T00:32:59Z,2026-05-02T10:27:54Z,2026-05-02T10:27:54.536906+00:00,(added by reconcile from orphan draft)
EET1215C,INTRODUCTION TO ELECTRONICS,2,pushed,998,2026-05-04T00:32:59Z,2026-05-02T10:27:54Z,2026-05-02T10:27:54.825560+00:00,(added by reconcile from orphan draft)
EET2140C,SOLID STATE ELECTRONICS,2,pushed,998,2026-05-04T00:32:59Z,2026-05-02T10:27:55Z,2026-05-02T10:27:55.425140+00:00,(added by reconcile from orphan draft)
EET2155C,LINEAR INTEGRATED CIRCUITS,2,pushed,998,2026-05-04T00:32:59Z,2026-05-02T10:27:56Z,2026-05-02T10:27:56.162195+00:00,(added by reconcile from orphan draft)
EET2214C,LABVIEW INSTRUMENTATION,2,pushed,998,2026-05-04T00:32:59Z,2026-05-02T10:27:56Z,2026-05-02T10:27:56.413643+00:00,(added by reconcile from orphan draft)
EET2323C,ANALOG COMMUNICATIONS,2,pushed,998,2026-05-04T00:32:59Z,2026-05-02T10:27:56Z,2026-05-02T10:27:56.633088+00:00,(added by reconcile from orphan draft)
EET2326C,COMMUNICATIONS SYSTEMS I,2,pushed,998,2026-05-04T00:32:59Z,2026-05-02T10:27:57Z,2026-05-02T10:27:57.153424+00:00,(added by reconcile from orphan draft)
EET2351C,DIGITAL AND DATA COMMUNICATIONS,2,pushed,998,2026-05-04T00:32:59Z,2026-05-02T10:27:57Z,2026-05-02T10:27:57.384323+00:00,(added by reconcile from orphan draft)
EET2355C,DATA COMMUNICATIONS,2,pushed,998,2026-05-04T00:32:59Z,2026-05-02T10:27:57Z,2026-05-02T10:27:57.587358+00:00,(added by reconcile from orphan draft)
EET2609C,ELECTRONIC FABRICATION AND FIBER OPTICS,2,pushed,998,2026-05-04T00:32:59Z,2026-05-02T10:27:57Z,2026-05-02T10:27:57.801919+00:00,(added by reconcile from orphan draft)
EET2724C,SCHEMATIC CAPTURE AND MODELING,2,pushed,998,2026-05-04T00:33:00Z,2026-05-02T10:27:57Z,2026-05-02T10:27:57.999439+00:00,(added by reconcile from orphan draft)
EET2942,COOPERATIVE EDUCATION INTERNSHIP IN ELECTRONICS,2,pushed,998,2026-05-04T00:33:00Z,2026-05-02T10:27:58Z,2026-05-02T10:27:58.672970+00:00,(added by reconcile from orphan draft)
EET4950,SENIOR DESIGN PROJECT,2,pushed,998,2026-05-04T00:33:00Z,2026-05-02T10:27:59Z,2026-05-02T10:27:59.303402+00:00,(added by reconcile from orphan draft)
EEV0162,LOW VOLTAGE TECHNICIAN 1,2,pushed,998,2026-05-04T00:33:00Z,2026-05-02T10:27:59Z,2026-05-02T10:27:59.769009+00:00,(added by reconcile from orphan draft)
EEV0163,LOW VOLTAGE TECHNICIAN 2,2,pushed,998,2026-05-04T00:33:00Z,2026-05-02T10:27:59Z,2026-05-02T10:27:59.985261+00:00,(added by reconcile from orphan draft)
EEV0164,LOW VOLTAGE TECHNICIAN 3,2,pushed,998,2026-05-04T00:33:00Z,2026-05-02T08:03:41Z,2026-05-04T00:33:39Z,(added by reconcile from orphan draft)
EEV0165,LOW VOLTAGE TECHNICIAN 4,2,pushed,998,2026-05-04T00:33:00Z,2026-05-02T08:05:53Z,2026-05-04T00:33:39Z,(added by reconcile from orphan draft)
EEV0166,LOW VOLTAGE TECHNICIAN 5,2,pushed,998,2026-05-04T00:33:00Z,2026-05-02T08:08:01Z,2026-05-04T00:33:39Z,(added by reconcile from orphan draft)
EEV0210,CERTIFIED PRODUCTION TECHNICIAN,2,pushed,998,2026-05-04T00:33:00Z,2026-05-02T08:14:07Z,2026-05-04T00:33:39Z,(added by reconcile from orphan draft)
ETC1250,PROPERTIES OF MATERIALS,2,pushed,998,2026-05-04T00:33:00Z,2026-05-02T10:28:02Z,2026-05-02T10:28:02.540748+00:00,(added by reconcile from orphan draft)
ETC4414C,APPLIED STRUCTURAL DESIGN 1,2,pushed,998,2026-05-04T00:33:00Z,2026-05-02T10:28:03Z,2026-05-02T10:28:03.229342+00:00,(added by reconcile from orphan draft)
ETD1350C,AUTOCAD III,2,pushed,998,2026-05-04T00:33:00Z,2026-05-02T10:28:04Z,2026-05-02T10:28:04.370147+00:00,(added by reconcile from orphan draft)
ETD1842,3D VISUALIZATION,2,pushed,998,2026-05-04T00:33:00Z,2026-05-02T10:28:05Z,2026-05-02T10:28:05.033636+00:00,(added by reconcile from orphan draft)
ETD2357C,PARAMETRIC MODELING,2,pushed,998,2026-05-04T00:33:00Z,2026-05-02T10:28:06Z,2026-05-02T10:28:06.180965+00:00,(added by reconcile from orphan draft)
ETD2369C,SOLIDWORKS ADVANCED,2,pushed,998,2026-05-04T00:33:00Z,2026-05-02T10:28:06Z,2026-05-02T10:28:06.830920+00:00,(added by reconcile from orphan draft)
ETD2397C,BUILDING INFORMATION MANAGEMENT I,2,pushed,998,2026-05-04T00:33:00Z,2026-05-02T10:35:18Z,2026-05-02T10:35:18.068737+00:00,(added by reconcile from orphan draft)
ETD2540C,CIVIL DRAFTING,2,pushed,998,2026-05-04T00:33:00Z,2026-05-02T10:37:14Z,2026-05-02T10:37:14.408600+00:00,(added by reconcile from orphan draft)
ETD2545C,ADVANCED DRAFTING,2,pushed,998,2026-05-04T00:33:00Z,2026-05-02T10:39:11Z,2026-05-02T10:39:11.734790+00:00,(added by reconcile from orphan draft)
ETD2942,COMPUTER-AIDED DESIGN TECHNOLOGY INTERNSHIP,2,pushed,998,2026-05-04T00:33:00Z,2026-05-02T10:47:22Z,2026-05-02T10:47:22.238629+00:00,(added by reconcile from orphan draft)
ETG2520,STATICS,2,pushed,998,2026-05-04T00:33:00Z,2026-05-02T10:53:16Z,2026-05-02T10:53:16.188047+00:00,(added by reconcile from orphan draft)
ETG2949,CO-OP ENGINEERING TECH,2,pushed,998,2026-05-04T00:33:00Z,2026-05-02T10:57:13Z,2026-05-02T10:57:13.112094+00:00,(added by reconcile from orphan draft)
ETG4951,SENIOR DESIGN CAPSTONE 2,2,pushed,998,2026-05-04T00:33:00Z,2026-05-02T10:59:12Z,2026-05-02T10:59:12.557533+00:00,(added by reconcile from orphan draft)
ETI1000,INDUSTRIAL TOOLS AND EQUIPMENT,2,pushed,998,2026-05-04T00:33:00Z,2026-05-02T11:10:21Z,2026-05-02T11:10:21.783466+00:00,(added by reconcile from orphan draft)
ETI1830C,MATERIALS AND PROCESSES 1,2,pushed,998,2026-05-04T00:33:00Z,2026-05-02T11:25:57Z,2026-05-02T11:25:57.785105+00:00,(added by reconcile from orphan draft)
ETI1853C,AEROSPACE SAFETY AND QUALITY,2,pushed,998,2026-05-04T00:33:00Z,2026-05-02T11:32:18Z,2026-05-02T11:32:18.634934+00:00,(added by reconcile from orphan draft)
ETI1855C,AEROSPACE STRUCTURAL FABRICATION 1,2,pushed,998,2026-05-04T00:33:00Z,2026-05-02T11:34:21Z,2026-05-02T11:34:21.636195+00:00,(added by reconcile from orphan draft)
ETI2001C,APPLIED MECHANICS,2,pushed,998,2026-05-04T00:33:00Z,2026-05-02T11:40:36Z,2026-05-02T11:40:36.483850+00:00,(added by reconcile from orphan draft)
ETI2315C,HYDRAULICS & PNEUMATICS,2,pushed,998,2026-05-04T00:33:00Z,2026-05-02T11:46:28Z,2026-05-02T11:46:28.164481+00:00,(added by reconcile from orphan draft)
ETI2408C,WELDING PROCESSES,2,pushed,998,2026-05-04T00:33:00Z,2026-05-02T11:48:35Z,2026-05-02T11:48:35.679929+00:00,(added by reconcile from orphan draft)
ETI2670,ENGINEERING ECONOMIC ANALYSIS,2,pushed,998,2026-05-04T00:33:00Z,2026-05-02T12:05:15Z,2026-05-02T12:05:15.503062+00:00,(added by reconcile from orphan draft)
ETI2851C,APPLIED MECHANICS,2,pushed,998,2026-05-04T00:33:00Z,2026-05-02T12:07:23Z,2026-05-02T12:07:23.303253+00:00,(added by reconcile from orphan draft)
ETI2856C,AEROSPACE STRUCTURAL FABRICATION 2,2,pushed,998,2026-05-04T00:33:00Z,2026-05-02T12:09:51Z,2026-05-02T12:09:51.365657+00:00,(added by reconcile from orphan draft)
ETI2947,MANUFACTURING TECHNOLOGY CO-OP,2,pushed,998,2026-05-04T00:33:00Z,2026-05-02T12:13:51Z,2026-05-02T12:13:51.571656+00:00,(added by reconcile from orphan draft)
ETI2948,MANUFACTURING TECHNOLOGY CO-OP,2,pushed,998,2026-05-04T00:33:00Z,2026-05-02T12:15:46Z,2026-05-02T12:15:46.729042+00:00,(added by reconcile from orphan draft)
ETI3116,ENGINEERING QUALITY ASSURANCE,2,pushed,998,2026-05-04T00:33:01Z,2026-05-02T12:21:35Z,2026-05-02T12:21:35.094128+00:00,(added by reconcile from orphan draft)
ETI3647,SUPPLY CHAIN MANAGEMENT,2,pushed,998,2026-05-04T00:33:01Z,2026-05-02T12:23:24Z,2026-05-02T12:23:24.120675+00:00,(added by reconcile from orphan draft)
ETI3671,TECHNICAL ECONOMIC ANALYSIS,2,pushed,998,2026-05-04T00:33:01Z,2026-05-02T12:25:15Z,2026-05-02T12:25:15.478199+00:00,(added by reconcile from orphan draft)
ETI4905,DIRECTED STUDY,2,pushed,998,2026-05-04T00:33:01Z,2026-05-02T12:29:17Z,2026-05-02T12:29:17.657628+00:00,(added by reconcile from orphan draft)
ETM1315C,APPLIED PNEUMATICS AND HYDRAULICS,2,pushed,998,2026-05-04T00:33:01Z,2026-05-02T12:33:14Z,2026-05-02T12:33:14.639430+00:00,(added by reconcile from orphan draft)
ETM1600C,AUTOMATION AND CONTROLS FUNDAMENTALS,2,pushed,998,2026-05-04T00:33:01Z,2026-05-02T12:35:09Z,2026-05-02T12:35:09.311712+00:00,(added by reconcile from orphan draft)
ETM1601C,HVAC SYSTEMS AND DEVICES,2,pushed,998,2026-05-04T00:33:01Z,2026-05-02T12:37:31Z,2026-05-02T12:37:31.985007+00:00,(added by reconcile from orphan draft)
ETM1602C,AUTOMATED ELECTRICAL SYSTEMS AND DEVICES,2,pushed,998,2026-05-04T00:33:01Z,2026-05-02T12:39:29Z,2026-05-02T12:39:29.404995+00:00,(added by reconcile from orphan draft)
ETM1603C,AUTOMATION AND CONTROLS DESIGN THROUGH COMMISSIONG,2,pushed,998,2026-05-04T00:33:01Z,2026-05-02T12:41:30Z,2026-05-02T12:41:30.694079+00:00,(added by reconcile from orphan draft)
ETM2605C,AUTOMATION AND CONTROLS INTEGRATION,2,pushed,998,2026-05-04T00:33:01Z,2026-05-02T12:47:24Z,2026-05-02T12:47:24.476071+00:00,(added by reconcile from orphan draft)
ETM2606C,EMCT PROGRAMMING,2,pushed,998,2026-05-04T00:33:01Z,2026-05-02T12:49:24Z,2026-05-02T12:49:24.031192+00:00,(added by reconcile from orphan draft)
ETM2607C,EMCT TROUBLESHOOTING,2,pushed,998,2026-05-04T00:33:01Z,2026-05-02T12:51:27Z,2026-05-02T12:51:27.017955+00:00,(added by reconcile from orphan draft)
ETM2608C,EMCT BAS OPERATIONS,2,pushed,998,2026-05-04T00:33:01Z,2026-05-02T12:53:31Z,2026-05-02T12:53:31.853871+00:00,(added by reconcile from orphan draft)
ETM2609C,CAPSTONE IN ENERGY MANAGEMENT AND CONTROLS TECHNOLOGY,2,pushed,998,2026-05-04T00:33:01Z,2026-05-02T12:55:31Z,2026-05-02T12:55:31.537410+00:00,(added by reconcile from orphan draft)
ETP1100C,SAFE WORK PRACTICES,2,pushed,998,2026-05-04T00:33:01Z,2026-05-02T12:57:41Z,2026-05-02T12:57:41.298432+00:00,(added by reconcile from orphan draft)
ETP1101C,BASIC ELECTRICITY FOR LINE WORKERS,2,pushed,998,2026-05-04T00:33:01Z,2026-05-02T12:59:43Z,2026-05-02T12:59:43.961905+00:00,(added by reconcile from orphan draft)
ETP1105,OSHA ELECTRICAL STANDARDS AND THE NESC,2,pushed,998,2026-05-04T00:33:01Z,2026-05-02T13:01:49Z,2026-05-02T13:01:49.034701+00:00,(added by reconcile from orphan draft)
ETP1130C,POLE CLIMBING - ROPES & RIGGING,2,pushed,998,2026-05-04T00:33:01Z,2026-05-02T13:03:53Z,2026-05-02T13:03:53.066853+00:00,(added by reconcile from orphan draft)
ETP1134C,UNDERGROUND DISTRIBUTION,2,pushed,998,2026-05-04T00:33:01Z,2026-05-02T13:05:59Z,2026-05-02T13:05:59.704247+00:00,(added by reconcile from orphan draft)
ETP1135C,STREET & AREA LIGHTING,2,pushed,998,2026-05-04T00:33:01Z,2026-05-02T13:08:02Z,2026-05-02T13:08:02.004968+00:00,(added by reconcile from orphan draft)
ETP1150C,TRUCKS & EXCAVATION EQUIPMENT,2,pushed,998,2026-05-04T00:33:01Z,2026-05-02T13:12:19Z,2026-05-02T13:12:19.373581+00:00,(added by reconcile from orphan draft)
ETP1420,SOLAR THERMAL SYSTEMS,2,pushed,998,2026-05-04T00:33:01Z,2026-05-02T13:14:14Z,2026-05-02T13:14:14.917350+00:00,(added by reconcile from orphan draft)
ETP1530C,INTRODUCTION TO WIND ENERGY,2,pushed,998,2026-05-04T00:33:01Z,2026-05-02T13:18:20Z,2026-05-02T13:18:20.223932+00:00,(added by reconcile from orphan draft)
ETP1550,ALTERNATIVE FUELS AND ELECTRIC VEHICLE TECHNOLOGIES,2,pushed,998,2026-05-04T00:33:01Z,2026-05-02T13:20:25Z,2026-05-02T13:20:25.502819+00:00,(added by reconcile from orphan draft)
ETP2102C,RUBBER GLOVING HOT LINE,2,pushed,998,2026-05-04T00:33:01Z,2026-05-02T13:22:23Z,2026-05-02T13:22:23.820424+00:00,(added by reconcile from orphan draft)
ETP2120C,BASIC TRANSFORMER,2,pushed,998,2026-05-04T00:33:01Z,2026-05-02T13:26:23Z,2026-05-02T13:26:23.674310+00:00,(added by reconcile from orphan draft)
ETP2132C,POLE LINE EQUIPMENT II,2,pushed,998,2026-05-04T00:33:01Z,2026-05-02T13:28:25Z,2026-05-02T13:28:25.831592+00:00,(added by reconcile from orphan draft)
ETP2322,SMART GRID TECHNOLOGY,2,pushed,998,2026-05-04T00:33:01Z,2026-05-02T13:32:46Z,2026-05-02T13:32:46.794782+00:00,(added by reconcile from orphan draft)
ETP3240,POWER SYSTEMS,2,pushed,998,2026-05-04T00:33:01Z,2026-05-02T13:38:47Z,2026-05-02T13:38:47.198602+00:00,(added by reconcile from orphan draft)
ETP3320,INTRODUCTION TO ENERGY TECHNOLOGY,2,pushed,998,2026-05-04T00:33:01Z,2026-05-02T13:40:47Z,2026-05-02T13:40:47.065973+00:00,(added by reconcile from orphan draft)
ETS1943,BIOMEDICAL INTERNSHIP 1,2,pushed,998,2026-05-04T00:33:01Z,2026-05-02T13:56:51Z,2026-05-02T13:56:51.401725+00:00,(added by reconcile from orphan draft)
ETS2051,SKILLED TRADES & CONSTRUCTION,2,pushed,998,2026-05-04T00:33:01Z,2026-05-02T13:58:49Z,2026-05-02T13:58:49.886063+00:00,(added by reconcile from orphan draft)
ETS2215,GEOMETRIC OPTICS,2,pushed,998,2026-05-04T00:33:01Z,2026-05-02T14:09:11Z,2026-05-02T14:09:11.193258+00:00,(added by reconcile from orphan draft)
ETS2224C,FIBER OPTIC COMMUNICATIONS,2,pushed,998,2026-05-04T00:33:01Z,2026-05-02T14:11:27Z,2026-05-02T14:11:27.529553+00:00,(added by reconcile from orphan draft)
ETS2438C,BIOMEDICAL INSTRUMENTATION II,2,pushed,998,2026-05-04T00:33:01Z,2026-05-02T14:17:38Z,2026-05-02T14:17:38.378888+00:00,(added by reconcile from orphan draft)
ETS2606C,ROBOTICS,2,pushed,998,2026-05-04T00:33:01Z,2026-05-02T14:31:24Z,2026-05-02T14:31:24.476324+00:00,(added by reconcile from orphan draft)
ETS2673C,PROGRAMABLE LOGIC CONTROLS,2,pushed,998,2026-05-04T00:33:01Z,2026-05-02T14:33:27Z,2026-05-02T14:33:27.907950+00:00,(added by reconcile from orphan draft)
ETS2680C,MECHATRONICS,2,pushed,998,2026-05-04T00:33:01Z,2026-05-02T14:35:28Z,2026-05-02T14:35:28.389014+00:00,(added by reconcile from orphan draft)
ETS2700C,FLUID AND PNEUMATIC CONTROLS,2,pushed,998,2026-05-04T00:33:01Z,2026-05-02T14:37:35Z,2026-05-02T14:37:35.894935+00:00,(added by reconcile from orphan draft)
ETS4538,INSTRUMENTATION,2,pushed,998,2026-05-04T00:33:01Z,2026-05-02T14:46:07Z,2026-05-02T14:46:07.377565+00:00,(added by reconcile from orphan draft)
ETS4538L,INSTRUMENTATION LABORATORY,2,pushed,998,2026-05-04T00:33:01Z,2026-05-02T14:48:20Z,2026-05-02T14:48:20.044606+00:00,(added by reconcile from orphan draft)
TDR0300C,INTRODUCTION TO MICRO CAD SYSTEM,2,pushed,998,2026-05-04T00:33:01Z,2026-05-02T14:51:27Z,2026-05-04T00:33:39Z,(added by reconcile from orphan draft)
TDR0356C,ADVANCED CADD,2,pushed,998,2026-05-04T00:33:01Z,2026-05-02T14:52:30Z,2026-05-04T00:33:40Z,(added by reconcile from orphan draft)
TDR0520C,STRUCTURAL DRAFTING,2,pushed,998,2026-05-04T00:33:01Z,2026-05-02T14:54:58Z,2026-05-02T14:54:58.674390+00:00,(added by reconcile from orphan draft)
TDR0590C,ADVANCED ARCHITECTURAL CADD,2,pushed,998,2026-05-04T00:33:01Z,2026-05-02T14:58:07Z,2026-05-04T00:33:40Z,(added by reconcile from orphan draft)
TDR0940,DRAFTING INTERNSHIP,2,pushed,998,2026-05-04T00:33:01Z,2026-05-02T15:04:08Z,2026-05-02T15:04:08.147932+00:00,(added by reconcile from orphan draft)
EEV0752,ELECTROMECHNICAL ASSEMBLER,2,error,998,2026-05-04T00:33:00Z,2026-05-02T08:33:50Z,,(added by reconcile from orphan draft)
CET2544,Introduction to VMware and Computer Virtualization Technology,,pushed,1000,2026-05-04T00:32:59Z,2026-05-02T03:05:50Z,2026-05-04T00:33:40Z,(added by reconcile from orphan draft)
CET2792,Microsoft Windows Server Administration,,pushed,1000,2026-05-04T00:32:59Z,2026-05-02T06:13:36Z,2026-05-04T00:33:40Z,(added by reconcile from orphan draft)
CET2793,Windows Server Administration,,pushed,1000,2026-05-04T00:32:59Z,2026-05-02T06:25:50Z,2026-05-04T00:33:01Z,(added by reconcile from orphan draft)
EET2930,Selected Studies in Electronic Engineering Technology,,pushed,1000,2026-05-04T00:33:00Z,2026-05-02T10:27:58Z,2026-05-02T10:27:58.443155+00:00,(added by reconcile from orphan draft)
ETC2207,Construction Planning and Estimating,,pushed,1000,2026-05-04T00:33:00Z,2026-05-02T10:28:02Z,2026-05-02T10:28:02.763426+00:00,(added by reconcile from orphan draft)
ETD1100,Engineering Drawing (ETD1100),,pushed,1000,2026-05-04T00:33:00Z,2026-05-02T10:28:03Z,2026-05-02T10:28:03.463489+00:00,(added by reconcile from orphan draft)
ETD2390,3D AutoCAD / Revit,,pushed,1000,2026-05-04T00:33:00Z,2026-05-02T10:29:08Z,2026-05-02T10:29:08.380869+00:00,(added by reconcile from orphan draft)
ETG2530,Strength of Materials I,,pushed,1000,2026-05-04T00:33:00Z,2026-05-02T10:55:12Z,2026-05-02T10:55:12.312760+00:00,(added by reconcile from orphan draft)
ETI0481,Production Worker,,pushed,1000,2026-05-04T00:33:00Z,2026-05-02T11:06:04Z,2026-05-04T00:33:40Z,(added by reconcile from orphan draft)
ETI0482,Assembler (ETI0482),,pushed,1000,2026-05-04T00:33:00Z,2026-05-02T11:07:13Z,2026-05-04T00:33:41Z,(added by reconcile from orphan draft)
ETI0485,Automation and Production Technology,,pushed,1000,2026-05-04T00:33:00Z,2026-05-02T11:09:20Z,2026-05-04T00:33:41Z,(added by reconcile from orphan draft)
ETI1949,Co-Op Education Training Assignment in Manufacturing,,pushed,1000,2026-05-04T00:33:00Z,2026-05-02T11:38:39Z,2026-05-02T11:38:39.324217+00:00,(added by reconcile from orphan draft)
ETI2110,Introduction to Quality Assurance,,pushed,1000,2026-05-04T00:33:00Z,2026-05-02T11:42:26Z,2026-05-02T11:42:26.475444+00:00,(added by reconcile from orphan draft)
ETI2610,Principles of Six Sigma,,pushed,1000,2026-05-04T00:33:00Z,2026-05-02T11:59:05Z,2026-05-02T11:59:05.261015+00:00,(added by reconcile from orphan draft)
ETI2623,Lean Enterprise for the Expert,,pushed,1000,2026-05-04T00:33:00Z,2026-05-02T12:03:12Z,2026-05-02T12:03:12.183873+00:00,(added by reconcile from orphan draft)
ETI4448,Applied Project Management,,pushed,1000,2026-05-04T00:33:01Z,2026-05-02T12:27:15Z,2026-05-02T12:27:15.639752+00:00,(added by reconcile from orphan draft)
ETM2401,Mechanical Devices and Systems,,pushed,1000,2026-05-04T00:33:01Z,2026-05-02T12:45:28Z,2026-05-02T12:45:28.338465+00:00,(added by reconcile from orphan draft)
ETS2940,Biomedical Engineering Technology Internship,,pushed,1000,2026-05-04T00:33:01Z,2026-05-02T14:39:32Z,2026-05-02T14:39:32.841432+00:00,(added by reconcile from orphan draft)
ETS3543,Programmable Logic Controllers,,pushed,1000,2026-05-04T00:33:01Z,2026-05-02T14:43:58Z,2026-05-02T14:43:58.353700+00:00,(added by reconcile from orphan draft)
ETI0484,Process Assistant,,error,1000,2026-05-04T00:33:00Z,2026-05-02T11:08:20Z,,(added by reconcile from orphan draft)
